# SQL 문법 - SELECT


Mysql 설치시 제공되는 Sakila, World DB를 활용한 SELECT 예제를 진행한다.



## Select : 데이터 조회하기


기본 형식
``` sql
SELECT [컬럼1, 컬럼2, ...] FROM [테이블]
```

하나의 열을 조회
``` sql
SELECT column1 FROM tablename;
```

하나의 열을 조회
``` sql
SELECT column1 FROM tablename;
```

두 개 이상의 열을 조회
``` sql
SELECT column1, column2 FROM tablename;
```

전체 열을 조회
``` sql
SELECT * FROM tablename;
```



## WHERE문 

테이블에 저장된 전체 데이터를 조회하게되면 시간이 오래 걸려 출력이 늦어지게 되고, 시스템에 과부하가 올 수가 있다. 그렇기 때문에 과부하를 줄이기 위해 내가 원하는 조건의 데이터만 WHERE문을 이용하여 조회한다.

기본 형식
``` sql
SELECT [컬럼1, 컬럼2, ...] FROM [테이블] WHERE [컬럼] [비교연산자] [값]
```

## 비교연산자 종류 
* 컬럼 = 조건값 : 조건값과 동일한 값을 조회
* 컬럼 != 조건값 : 조건값과 같지 않은 값을 조회
* 컬럼 <> 조건값 : 조건값과 같지 않은 값을 조회

* 컬럼 < 조건값 : 조건값 보다 작은 값을 조회
* 컬럼 <= 조건값 : 조건값보다 작거나 같은 값을 조회

* 컬럼 > 조건값 : 조건값보다 큰 값을 조회
* 컬럼 >= 조건값 : 조건값보다 크거나 같은 값을 조회


* 컬럼 !< 조건값 : 조건값보다 작지 않은 값을 조회
* 컬럼 !> 조건값 : 조건값보다 크지 않은 값을 조회


※ 익숙한 비교 연산자 외 <>, !<, !> 만 숙지하면 된다.  
※ 크기를 비교하는 연산자는 숫자에만 사용하는 것을 권장한다.



## where문에서 비교 연산자 사용


### = 연산자
actor 테이블에서 first_name 컬럼의 값이 michael인 데이터 조회

``` sql 
mysql> select * from actor where first_name = 'michael';
+----------+------------+-----------+---------------------+
| actor_id | first_name | last_name | last_update         |
+----------+------------+-----------+---------------------+
|      174 | MICHAEL    | BENING    | 2006-02-15 04:34:33 |
|      185 | MICHAEL    | BOLGER    | 2006-02-15 04:34:33 |
+----------+------------+-----------+---------------------+
2 rows in set (0.00 sec)
```


### <>, != 연산자
language 테이블에서 name 컬럼의 값이 English가 아닌 데이터 조회

``` sql
mysql> select * from language where name <> 'English';
+-------------+----------+---------------------+
| language_id | name     | last_update         |
+-------------+----------+---------------------+
|           2 | Italian  | 2006-02-15 05:02:19 |
|           3 | Japanese | 2006-02-15 05:02:19 |
|           4 | Mandarin | 2006-02-15 05:02:19 |
|           5 | French   | 2006-02-15 05:02:19 |
|           6 | German   | 2006-02-15 05:02:19 |
+-------------+----------+---------------------+
5 rows in set (0.00 sec)
```



### > 연산자 
address 테이블에서 city_id 컬럼의 값이 598보다 큰 데이터 조회

``` sql
mysql> select address, district, city_id from address where city_id > 598;
+---------------------+------------+---------+
| address             | district   | city_id |
+---------------------+------------+---------+
| 346 Cam Ranh Avenue | Zhejiang   |     599 |
| 1889 Valparai Way   | Ziguinchor |     600 |
+---------------------+------------+---------+
2 rows in set (0.00 sec)
```


### < 연산자
payment 테이블에서 payment_date 컬럼의 값이 2005-05-25 이전인 데이터 조회

``` sql
mysql> select payment_id, amount, payment_date from payment where payment_date < '2005-05-25';
+------------+--------+---------------------+
| payment_id | amount | payment_date        |
+------------+--------+---------------------+
|       3504 |   2.99 | 2005-05-24 22:53:30 |
|       6003 |   6.99 | 2005-05-24 23:05:21 |
|       6440 |   4.99 | 2005-05-24 23:31:46 |
|       7274 |   1.99 | 2005-05-24 23:11:53 |
|       8987 |   4.99 | 2005-05-24 23:04:41 |
|      11032 |   3.99 | 2005-05-24 23:03:39 |
|      12377 |   2.99 | 2005-05-24 22:54:33 |
|      14728 |   0.99 | 2005-05-24 23:08:07 |
+------------+--------+---------------------+
8 rows in set (0.01 sec)
```


### <= 연산자



### > 연산자


### >= 연산자


### !< 연산자


### !> 연산자








## 논리 연산자 종류




## where문에서 논리 연산자 사용










WHERE address = '';

WHERE address IS NULL;

WHERE address IS NOT NULL:


 
## ORDER BY문 











