# MySQL 함수


## 문자열 함수


### CONCAT

CONCAT 함수의 인자 값으로 문자(열) 또는 컬럼을 콤마로 구분하여 작성한다.

``` sql
SELECT CONCAT([문자|컬럼1],[문자|컬럼2],...) as col1;
```


``` sql
SELECT CONCAT('M','y','S','Q','L') as col1;
```
``` sql 
mysql> SELECT CONCAT('M','y','S','Q','L') as col1;
+-------+
| col1  |
+-------+
| MySQL |
+-------+
1 row in set (0.00 sec)
```

### CONCAT_WS

인자값으로 구분자를 사용하여 결합시킨다.

``` sql
CONCAT_WS([구분자], [문자|컬럼1], [문자|컬럼2], ...)

```

``` sql
mysql> SELECT CONCAT_WS('|', mb_name, mb_addr, mb_birth) as col1 from member;
+-----------------------------------+
| col1                              |
+-----------------------------------+
| 홍길동|서울시 강남구|1990-05-12   |
| 김영희|경기도 수원시|1992-07-23   |
| 이철수|부산시 해운대구|1985-10-30 |
| 박지영|인천시 부평구|1995-03-15   |
+-----------------------------------+
4 rows in set (0.00 sec)
```



